20220914_ID0079_A_01_N00102_png.rf.cc69a8c4090790ca75cf7e6e66532bc5.jpg,18,123,412,557,PEOPLE
20221125_ID2246_A_02_N00120_png.rf.d13effe6901d3a2939e4dcf29996fbdb.jpg,135,24,516,539,PEOPLE
20230104_ID3462_A_01_N00094_png.rf.d05745f1dfc274a3d881a6cfec954a48.jpg,0,14,449,578,PEOPLE
20220817_ID0004_A_02_N00031_png.rf.cde09d3b66ae54feecb235b14e1ed76e.jpg,137,101,526,536,PEOPLE
20220914_ID0079_A_01_N00338_png.rf.cf88301fd195f39a334af464ff7f1aee.jpg,0,105,376,551,PEOPLE
20220817_ID0005_A_01_N00068_png.rf.c38a460add2dc6689fa820202f1f5709.jpg,234,74,640,543,PEOPLE
20220726_ID0001_A_02_N00444_png.rf.c5def01f3aa6c83e678e965bd9429fd1.jpg,126,125,490,562,PEOPLE
20220726_ID0001_A_03_N00185_png.rf.d0787a730dcf5a8bb4faf69f4592eed1.jpg,140,98,509,520,PEOPLE
20220914_ID0078_A_01_N00376_png.rf.cc52ab42ac09ebdb0d23c63a0a831ae4.jpg,38,114,411,563,PEOPLE
20220817_ID0003_A_01_N00071_png.rf.c0a44e33e18cb72d506703764960efde.jpg,125,100,501,548,PEOPLE
20220914_ID0079_A_01_N00112_png.rf.c52a8f8917c9a3bc6808d22dcd537156.jpg,7,69,463,573,PEOPLE
20221024_ID0315_A_04_N00077_png.rf.c3d3d47904b816476951a5f06cb578ef.jpg,0,29,459,577,PEOPLE
20230104_ID4071_A_01_N00092_png.rf.d1533f386f264524a223b2603910705a.jpg,26,153,418,581,PEOPLE
20220914_ID0078_A_02_N00283_png.rf.c40551970c5c60a7d14adf3d1c7cffe6.jpg,97,116,485,588,PEOPLE
20230104_ID4071_A_01_N00092_png.rf.c8dfefa89be57289cd67965b6ed72ec6.jpg,0,154,410,605,PEOPLE
20220824_ID0006_A_03_N00054_png.rf.d352ad288d9dd1c8d94615a2c1919a43.jpg,109,57,554,615,PEOPLE
20230104_ID3462_A_01_N00149_png.rf.c9b0551790aa14dae49c70729bff99c3.jpg,234,71,625,547,PEOPLE
20220914_ID0079_A_02_N00168_png.rf.d41adbdb31082a2a727820dd6232ecc6.jpg,131,91,511,520,PEOPLE
20220817_ID0002_A_03_N00040_png.rf.d433e1c5bcb2b57fe63293150480e8d1.jpg,59,95,532,586,PEOPLE
20221024_ID0315_A_04_N00086_png.rf.cfcd81213a795058b2de8826b48f3557.jpg,198,114,614,547,PEOPLE
20221024_ID0315_A_04_N00067_png.rf.ca0860930fb31447ae1067c03140a0c3.jpg,0,94,426,598,PEOPLE
20220914_ID0079_A_01_N00106_png.rf.c3a879f35d77001ff3fd07637d212c44.jpg,0,100,387,579,PEOPLE
20221024_ID0315_A_04_N00086_png.rf.c39954b47568b2d46fc74144eb44b3bc.jpg,211,114,640,547,PEOPLE
20220817_ID0003_A_01_N00100_png.rf.d4c24384e8fdc4af09ec9d4df81fd3f2.jpg,16,98,454,581,PEOPLE
20220914_ID0078_A_02_N00582_png.rf.d47c701f8297eb279ac97c1fa8a29af9.jpg,100,201,497,609,PEOPLE
20221024_ID0315_A_04_N00067_png.rf.d4b9002bd6066ab944e1ec05cb7ef799.jpg,22,93,433,575,PEOPLE
20221125_ID2246_A_02_N00137_png.rf.d457767ff79d3a16a1d490d5517b2736.jpg,111,107,462,569,PEOPLE
20221207_ID3170_A_01_N00252_png.rf.d745694e770b0e6a3f504488dc335d8c.jpg,33,197,509,640,PEOPLE
20220824_ID0006_A_01_N00107_png.rf.d68de0e5ee9ff665badf99e056d73678.jpg,34,26,402,584,PEOPLE
20230107_ID4202_A_01_N00222_png.rf.d68116b0aa7c17089911e336e78be935.jpg,60,64,398,537,PEOPLE
20220914_ID0079_A_02_N00142_png.rf.d7f5b0b2613244dbe7b49de029defba2.jpg,48,0,553,568,PEOPLE
20221125_ID2249_A_01_N00151_png.rf.d45bb77dc748065ed04421d893f45079.jpg,82,198,438,595,PEOPLE
20220817_ID0003_A_01_N00074_png.rf.da8ead4a3def0ef690d620c881b4bfcd.jpg,104,115,476,548,PEOPLE
20221024_ID0316_A_01_N00044_png.rf.d9660ba4fa7c47f2d7c0cb3d77c14e30.jpg,214,26,640,558,PEOPLE
20220817_ID0003_A_01_N00103_png.rf.ca7429f840347a09339ba4b6b21b41fd.jpg,11,105,416,548,PEOPLE
20220817_ID0002_A_04_N00127_png.rf.d903e9fbb35371a30bbf8640b787cf61.jpg,186,71,553,537,PEOPLE
20220824_ID0006_A_01_N00112_png.rf.d924229c8256bd981af40074030629e3.jpg,39,30,453,588,PEOPLE
20220817_ID0005_A_01_N00071_png.rf.e06080f32ca3b4e3bcc5c3417538bbb3.jpg,250,81,624,535,PEOPLE
20220914_ID0078_A_03_N00021_png.rf.df2d062b66d7743cf445957293fb626c.jpg,135,126,512,561,PEOPLE
20221207_ID3170_A_01_N00234_png.rf.de832c1ebcd0b9cfbb40775e7c78c992.jpg,43,121,425,596,PEOPLE
20221207_ID3170_A_01_N00252_png.rf.da75afd877aa3fb862c32aeb57a73879.jpg,31,194,502,636,PEOPLE
20220817_ID0003_A_04_N00146_png.rf.e068295fdbcb902714391d134dd622f8.jpg,237,71,640,549,PEOPLE
20220817_ID0003_A_02_N00092_png.rf.e17940de4dd96509629d94fca74abdaf.jpg,150,84,511,538,PEOPLE
20220817_ID0005_A_01_N00066_png.rf.e527e933619dd1be72306d891219bc7e.jpg,250,104,630,541,PEOPLE
20220817_ID0005_A_02_N00067_png.rf.e404c187f2b20ae05d14b589e5ce5a44.jpg,105,130,621,640,PEOPLE
20230107_ID4202_A_01_N00215_png.rf.e5cb9c33b703ead2e22f2ee896822aa1.jpg,222,146,556,574,PEOPLE
20220817_ID0005_A_04_N00042_png.rf.e399eb064a38bffe2624c8e164c032bc.jpg,212,48,631,535,PEOPLE
20220817_ID0005_A_02_N00067_png.rf.e903a074f9b015231006dddab5696689.jpg,95,119,573,585,PEOPLE
20220817_ID0003_A_04_N00125_png.rf.ec24356bd713069d4042635cd91f0a8e.jpg,191,91,567,576,PEOPLE
20220726_ID0001_A_03_N00228_png.rf.e72b0ba13d5ee94d633670c8dacb1cc9.jpg,127,41,548,568,PEOPLE
20221024_ID0316_A_01_N00042_png.rf.ef83f7f5124726b19269333e4224ffa1.jpg,171,14,573,528,PEOPLE
20220817_ID0005_A_01_N00066_png.rf.eb405e0ba50952cd2284bc7d2ead48a9.jpg,254,100,640,540,PEOPLE
20220817_ID0002_A_03_N00016_png.rf.eb3f2d8099f79c5db5edfcc87f3e186a.jpg,153,89,506,565,PEOPLE
20220817_ID0004_A_03_N00061_png.rf.f01feb51712cf624f2bc0cbefe8665c7.jpg,116,0,565,545,PEOPLE
20230103_ID4637_A_04_N00171_png.rf.eeac41a53f19009dbfbeeb5bcb179eeb.jpg,94,132,440,515,PEOPLE
20220914_ID0079_A_01_N00367_png.rf.ec627f47f824b959a505a477cd758f89.jpg,197,49,621,503,PEOPLE
20221125_ID2246_A_02_N00137_png.rf.f1bc00b712a9f90af95c9d7fe9a92e42.jpg,166,93,472,528,PEOPLE
20221024_ID0315_A_04_N00093_png.rf.e0a34f45ddfb8b76dabbd00932599b5f.jpg,235,78,640,544,PEOPLE
20221024_ID0315_A_04_N00093_png.rf.ef921c458ed0bc684cd590271460c259.jpg,243,55,640,535,PEOPLE
20220817_ID0002_A_03_N00016_png.rf.f05c70dc5e5f2d9d15fa8ff6a98466c0.jpg,162,90,565,570,PEOPLE
20220817_ID0003_A_01_N00103_png.rf.ea3405261c5225d4e0fdda5e8f4c9ae1.jpg,0,66,410,547,PEOPLE
20220817_ID0005_A_01_N00153_png.rf.f5c61308da73be7c7ac211bc1d277e02.jpg,84,81,479,562,PEOPLE
20220817_ID0004_A_02_N00031_png.rf.f485afdb8f17e8bef2d075dae0017950.jpg,129,124,491,542,PEOPLE
20220824_ID0006_A_01_N00089_png.rf.f56fe940228150b6ee5b9aaf48dad524.jpg,76,0,503,520,PEOPLE
20220914_ID0078_A_02_N00169_png.rf.f82908f3e517255a86dd8f62533d9f24.jpg,131,154,499,575,PEOPLE
20220914_ID0078_A_03_N00001_png.rf.f7115f53ff1af431e8a292653d8b305b.jpg,140,105,534,562,PEOPLE
20220824_ID0006_A_01_N00067_png.rf.f453ada03a0cad5bfbb28ca3fe23cb92.jpg,204,0,596,513,PEOPLE
20220914_ID0078_A_02_N00301_png.rf.f4b04faffee00506b625cef713b1da86.jpg,88,177,544,640,PEOPLE
20220914_ID0079_A_01_N00110_png.rf.f3fb4470a982d10684a62fe4a036a500.jpg,5,71,411,572,PEOPLE
20220817_ID0005_A_01_N00066_png.rf.fb0134afe1aac2a7bbafd56c739a8f50.jpg,260,104,640,541,PEOPLE
20220817_ID0003_A_01_N00100_png.rf.f9cfb0d84c46eaac6d1ad4036fe224fc.jpg,12,98,431,567,PEOPLE
20220817_ID0005_A_04_N00042_png.rf.f39dd7f3b1eaf97036094bbe0ba387ac.jpg,256,74,637,545,PEOPLE
20220817_ID0005_A_01_N00153_png.rf.fcd2876377a557e8e1a24ff4a2f4dc76.jpg,91,36,525,554,PEOPLE
20220914_ID0078_A_01_N00283_png.rf.f7b17a4b2e39d65175ed1c317cf22034.jpg,200,144,559,590,PEOPLE
20220817_ID0005_A_01_N00137_png.rf.fe840510fa4ea809912577a6c939dcbf.jpg,0,74,408,569,PEOPLE
20220817_ID0003_A_04_N00100_png.rf.fd453e0f7cc499a231e3d643b45f157a.jpg,24,74,426,528,PEOPLE
20220914_ID0078_A_03_N00012_png.rf.feb6698be0410193705528706c0e06f0.jpg,105,128,538,565,PEOPLE
20220914_ID0078_A_02_N00313_png.rf.f54117d15c03fa0ddac7b16c64142ba0.jpg,79,181,583,640,PEOPLE
20220824_ID0006_A_03_N00054_png.rf.f8d43c240d7165002da063494d6d8f89.jpg,109,8,554,546,PEOPLE
20220914_ID0079_A_01_N00106_png.rf.f8fdd3087e86b2be6a6eb267997cb27c.jpg,3,100,390,559,PEOPLE
20230107_ID4202_A_01_N00212_png.rf.06d273efe30c016c2134983bd1948241.jpg,205,112,562,536,PEOPLE
20220914_ID0079_A_01_N00373_png.rf.06511c07dd00a7976c6e9ffe140fffa5.jpg,250,123,628,519,PEOPLE
20220824_ID0006_A_01_N00089_png.rf.07f97c553083e04cf2679dfbe3e1efa7.jpg,76,0,524,511,PEOPLE
20220914_ID0078_A_02_N00301_png.rf.022fa9eeba7b514e548ac507b37ce3e4.jpg,88,171,544,640,PEOPLE
20220914_ID0079_A_01_N00364_png.rf.007b0c09c0576f27f64552171f7fd9a8.jpg,205,30,633,553,PEOPLE
20220824_ID0006_A_03_N00051_png.rf.042b284efc6fea55392a698b3d3aac55.jpg,55,39,577,615,PEOPLE
20220914_ID0079_A_02_N00142_png.rf.0493b90516ecf852d9f3240e93f12993.jpg,25,0,526,570,PEOPLE
20220726_ID0001_A_03_N00205_png.rf.09fcbc0fa2abceb4e8ea0010db3c1a97.jpg,110,42,540,601,PEOPLE
20220817_ID0005_A_02_N00067_png.rf.0a8dd96c85a10835861c428d2b028b6c.jpg,30,102,560,582,PEOPLE
20220817_ID0003_A_01_N00056_png.rf.0ceb02e34183e48d99ba6d2a1cd3018c.jpg,231,34,640,514,PEOPLE
20220914_ID0078_A_02_N00313_png.rf.005968c8f05a2b2f9af310546041344f.jpg,19,127,525,634,PEOPLE
20221024_ID0315_A_04_N00067_png.rf.0b322dda80ba9b561330c4b90230d010.jpg,26,73,459,574,PEOPLE
20220817_ID0005_A_02_N00086_png.rf.0d1b675e03481457db1d01524e267d10.jpg,74,65,526,586,PEOPLE
20220726_ID0001_A_02_N00444_png.rf.0d2a5785c92aba18e38f02583c079e34.jpg,101,102,484,544,PEOPLE
20220817_ID0002_A_03_N00019_png.rf.0df03fab0891c9c5d7f04fdd4f2e5e83.jpg,135,48,538,612,PEOPLE
20220726_ID0001_A_02_N00476_png.rf.02cd818f5da1a51015b3fe5ced821573.jpg,148,38,567,545,PEOPLE
20221024_ID0316_A_01_N00029_png.rf.0f91e74a69a155fc3e470753a96fe348.jpg,192,147,640,602,PEOPLE
20220914_ID0078_A_01_N00355_png.rf.0f61ea3cfe0aa59928187f7aaa3381ae.jpg,226,70,598,561,PEOPLE
20220817_ID0002_A_03_N00040_png.rf.0fe0bac6efa389b6dff1d0d720826e79.jpg,64,96,569,592,PEOPLE
20221125_ID2249_A_01_N00151_png.rf.12b030ac92d7d81089939acf6a512b98.jpg,55,205,420,633,PEOPLE
20221125_ID2246_A_02_N00137_png.rf.0f02affa409ed786dd7e937ad26fdf78.jpg,160,45,471,511,PEOPLE
20221024_ID0316_A_01_N00044_png.rf.0d7daae7d62054a77bdcdd3b111b2f78.jpg,211,40,604,563,PEOPLE
20221207_ID3170_A_01_N00234_png.rf.11a3ac38e1e7038fa531ed30fe42d14d.jpg,22,121,420,596,PEOPLE
20220817_ID0005_A_02_N00086_png.rf.1480e84bbe715c9978ad58090dc292bc.jpg,116,128,535,600,PEOPLE
20220914_ID0079_A_02_N00142_png.rf.0e3620669532bef670390641e4373d7d.jpg,48,0,526,571,PEOPLE
20220824_ID0006_A_01_N00067_png.rf.151cfc436d76564a091ef5fd89b93bb9.jpg,204,19,640,569,PEOPLE
20220817_ID0004_A_02_N00031_png.rf.150f4dcc53feb724d294b1495d94099b.jpg,137,131,526,571,PEOPLE
20220914_ID0078_A_01_N00301_png.rf.15d3c57ca37c8951a855e94e65c5c118.jpg,92,65,491,535,PEOPLE
20220914_ID0078_A_01_N00283_png.rf.11047ba08fdc969c1cea64609d52cf84.jpg,219,149,590,603,PEOPLE
20221122_ID2132_A_03_N00135_png.rf.1576d73ed70cdcd732fdd3a9f599c136.jpg,164,88,482,579,PEOPLE
20220817_ID0005_A_01_N00144_png.rf.180f7da1b6311452b423570a8854199a.jpg,2,60,434,570,PEOPLE
20220726_ID0001_A_02_N00476_png.rf.19481b8256e26e1044fcedbe24cd81fb.jpg,104,83,497,593,PEOPLE
20220824_ID0006_A_01_N00107_png.rf.154171b2f08d0ab896ce645dd07baf9e.jpg,34,23,402,549,PEOPLE
20220817_ID0005_A_01_N00144_png.rf.1938f6413124a09086010e3464f9c2e5.jpg,2,60,440,578,PEOPLE
20220914_ID0079_A_01_N00110_png.rf.1d6061ffda6e71aaeed3c4040c2e87b3.jpg,3,71,394,563,PEOPLE
20220914_ID0079_A_01_N00367_png.rf.16a67c22f77495aca7ba0f3e0bf50bf5.jpg,245,71,640,511,PEOPLE
20220817_ID0004_A_03_N00061_png.rf.1b4c830248983582c8ea217e34fbcb67.jpg,113,26,507,555,PEOPLE
20220914_ID0078_A_03_N00021_png.rf.1df0d0d31f892f47067cfde947d1b808.jpg,92,136,503,600,PEOPLE
20220914_ID0079_A_02_N00149_png.rf.19c6e68dc1ce8188c2f698f253ab5727.jpg,139,101,484,504,PEOPLE
20221125_ID2246_A_02_N00120_png.rf.19d6ce3a1cd563f0a72fac93f9e7bb14.jpg,138,21,573,538,PEOPLE
20220817_ID0005_A_02_N00086_png.rf.1d7d3404f37b1bd4af005f25c672d776.jpg,118,71,545,587,PEOPLE
20220817_ID0003_A_04_N00125_png.rf.1cc5f875336ac4c234441c72a17d94ca.jpg,171,98,558,599,PEOPLE
20220726_ID0001_A_04_N00085_png.rf.18de0f7211f1cb1bc29f4d8eb71d0ac5.jpg,125,44,516,560,PEOPLE
20220914_ID0079_A_01_N00364_png.rf.20a6ccb5ffdd458b7cc4e70363fedac2.jpg,208,28,633,546,PEOPLE
20220817_ID0005_A_01_N00137_png.rf.1fda8c6dc0d02cb66e2ba1f485cccaac.jpg,14,74,416,552,PEOPLE
20220914_ID0078_A_01_N00293_png.rf.242a1bc8910f40b7621b4e7f83119a23.jpg,92,170,473,608,PEOPLE
20221024_ID0315_A_04_N00093_png.rf.200ae5107c82b12d33f53c3f6b820148.jpg,181,48,632,533,PEOPLE
20220817_ID0003_A_01_N00090_png.rf.2381e7f927fd4590f14b3de4ef841a41.jpg,58,125,489,594,PEOPLE
20220914_ID0079_A_02_N00168_png.rf.2211d204722add8b3945284a52bed172.jpg,113,96,508,541,PEOPLE
20220824_ID0006_A_01_N00070_png.rf.21737eecc70e78dc877e27f82968b71f.jpg,196,20,636,580,PEOPLE
20230103_ID4637_A_04_N00171_png.rf.1ebd912506973d2ef4b9c18b93f84800.jpg,108,119,494,512,PEOPLE
20220914_ID0078_A_02_N00582_png.rf.27863c7d7836f48889622a1be7f0586f.jpg,124,196,505,589,PEOPLE
20220726_ID0001_A_04_N00265_png.rf.22eb8201a307f8aa49befc6e5490cbb2.jpg,46,75,419,552,PEOPLE
20221125_ID2249_A_01_N00151_png.rf.25e5cca4956b0410a6d80c1c851ac02a.jpg,79,196,428,583,PEOPLE
20220817_ID0005_A_04_N00047_png.rf.204c4e6afb7cade5b67e993e4ca9650f.jpg,250,109,640,610,PEOPLE
20220914_ID0078_A_01_N00355_png.rf.293942bf55942ddf97c701eb4c8cc7b6.jpg,223,69,573,558,PEOPLE
20220914_ID0079_A_01_N00373_png.rf.29f60adf6494b5b964a52c1255b03b65.jpg,241,130,592,522,PEOPLE
20220824_ID0006_A_01_N00099_png.rf.26d0ad444e30c09df1b4dd749b9a76d6.jpg,50,1,427,532,PEOPLE
20220824_ID0006_A_01_N00104_png.rf.29c5561e1e2259d1067e97e916317b03.jpg,0,0,419,544,PEOPLE
20230104_ID4071_A_01_N00111_png.rf.2a4c00e2c54635b22d41b601c033ffdc.jpg,88,77,414,526,PEOPLE
20220817_ID0003_A_04_N00100_png.rf.261cbe3793bbfda914cdc9e011578bf6.jpg,0,56,419,527,PEOPLE
20230107_ID4202_A_01_N00215_png.rf.2a76d4429d6ed8e39e4bf5c9143acb0e.jpg,213,128,516,529,PEOPLE
20230103_ID4549_A_04_N00067_png.rf.2bcec3472eef47b9124130a71499ff9c.jpg,241,130,564,542,PEOPLE
20220726_ID0001_A_04_N00085_png.rf.2dd46fccab9016e377a0ae362f2ac118.jpg,127,45,536,566,PEOPLE
20220817_ID0005_A_01_N00153_png.rf.28185993894e9e7c9ed9d4cdeceffb5a.jpg,92,36,531,554,PEOPLE
20230107_ID4202_A_01_N00222_png.rf.2a9894fc546abf6d75cff9618ea2d443.jpg,38,38,395,533,PEOPLE
20220914_ID0079_A_01_N00338_png.rf.31d6b56c3a7950b3c16614db270a4d3a.jpg,10,106,399,592,PEOPLE
20220824_ID0006_A_01_N00078_png.rf.335d8b956663f40cd118c39a0d01588e.jpg,146,12,572,550,PEOPLE
20220726_ID0001_A_02_N00351_png.rf.33d11d18c6a5ea975643be1f17da001a.jpg,126,18,528,564,PEOPLE
20220914_ID0078_A_01_N00355_png.rf.33a212c867c77dd8178e6ddf2785a33a.jpg,170,89,566,611,PEOPLE
20221024_ID0315_A_04_N00077_png.rf.33ed44c5aafb3f864439b68d239603a5.jpg,2,5,489,577,PEOPLE
20220824_ID0006_A_03_N00051_png.rf.326cf16afb8e75fa7ae56458ea86fd6f.jpg,102,39,631,615,PEOPLE
20230107_ID4202_A_01_N00212_png.rf.397f0f405d1298288767240587c347d5.jpg,189,151,558,598,PEOPLE
20220817_ID0003_A_01_N00062_png.rf.37aa4c709dfd73581eb4bee7eb7105f9.jpg,234,127,640,600,PEOPLE
20220824_ID0006_A_01_N00067_png.rf.31b6d40650fe4649028599d56b2d7929.jpg,180,14,596,555,PEOPLE
20220824_ID0006_A_01_N00089_png.rf.39ccf60029d073ea81cd004256056a65.jpg,70,3,503,540,PEOPLE
20220914_ID0078_A_03_N00008_png.rf.3b4ecb26fbb7312024bfdbc9df29f1c3.jpg,128,143,504,538,PEOPLE
20221024_ID0316_A_01_N00044_png.rf.1c45e43d2d55f0927f4ed73665bf1829.jpg,213,45,627,577,PEOPLE
20220914_ID0079_A_01_N00106_png.rf.3f19fa08c7ed5b07a1fc2effc21859b6.jpg,4,57,397,559,PEOPLE
20220914_ID0079_A_01_N00364_png.rf.3c6af1da908258f9c1ae9a2a3be699a5.jpg,210,35,640,568,PEOPLE
20220914_ID0078_A_03_N00021_png.rf.361278ed4056b6354cd8fb8db4027397.jpg,139,128,528,567,PEOPLE
20220817_ID0005_A_01_N00142_png.rf.3d78be0c7ca1358f00407d7463d0ac87.jpg,10,60,415,571,PEOPLE
20220726_ID0001_A_04_N00265_png.rf.3f1a6cbf892c5bb142e0b8a5bc6b9abb.jpg,48,53,435,550,PEOPLE
20220817_ID0003_A_01_N00062_png.rf.40324311e9fc93712aa1e356aae3afe8.jpg,229,100,616,528,PEOPLE
20220817_ID0005_A_01_N00068_png.rf.3e74302d01d63a243e4fe69360225fb7.jpg,215,10,637,520,PEOPLE
20220817_ID0002_A_03_N00027_png.rf.3a15c263b17875149cb671b0dceb5558.jpg,55,28,509,553,PEOPLE
20230103_ID4637_A_04_N00171_png.rf.353f3a3c39e92907731bae69739ea88f.jpg,76,83,436,504,PEOPLE
20220726_ID0001_A_03_N00205_png.rf.3c3fbaaaefb6d91bc246738bd174bced.jpg,109,33,520,555,PEOPLE
20230104_ID3462_A_01_N00094_png.rf.3dd0493cd255525bdcb8186c2462e2cb.jpg,35,15,450,591,PEOPLE
20220914_ID0078_A_02_N00172_png.rf.406068f005336d1159570bc3b937d7a9.jpg,60,121,462,558,PEOPLE
20220817_ID0005_A_01_N00071_png.rf.41e268328ab9aa620c5f9d811fd47e25.jpg,219,109,619,604,PEOPLE
20220914_ID0079_A_02_N00103_png.rf.40d4547e1a3bfdf0c9d2237476b17412.jpg,129,156,520,572,PEOPLE
20220914_ID0078_A_01_N00193_png.rf.47f3cad844cd283ce85da9664409a502.jpg,87,104,469,557,PEOPLE
20220817_ID0003_A_01_N00071_png.rf.4844c2cc75df17c189d77d28c7aa3a98.jpg,136,106,559,571,PEOPLE
20220824_ID0006_A_01_N00078_png.rf.498def1626734a76e36f2fdf1546b0a6.jpg,146,0,563,508,PEOPLE
20221125_ID2246_A_02_N00120_png.rf.37fd815ce1fc66fc43ef01900ae644e8.jpg,100,35,514,581,PEOPLE
20220726_ID0001_A_03_N00185_png.rf.49f9997e7a1a48e5bebfc0b4158db84a.jpg,88,113,499,555,PEOPLE
20220914_ID0078_A_01_N00301_png.rf.42319abe49b3d06f32b4fa1ecc7f97ec.jpg,80,103,428,542,PEOPLE
20221207_ID3170_A_01_N00052_png.rf.42d5825d88b1817742fb05a3ad37bdc3.jpg,194,138,593,566,PEOPLE
20220817_ID0004_A_03_N00061_png.rf.475d1993fdd1cd5eb0476527d385c49c.jpg,103,30,507,573,PEOPLE
20230104_ID3462_A_01_N00149_png.rf.4c71dc6dfbf91c5b2ffbe574e5428165.jpg,170,20,617,528,PEOPLE
20220914_ID0078_A_02_N00169_png.rf.5110c070d158840adaed2443aa38d9d1.jpg,135,128,512,568,PEOPLE
20220726_ID0001_A_04_N00085_png.rf.51a6c4148aaec00c6c8ed9608e747e4a.jpg,112,2,515,550,PEOPLE
20220817_ID0002_A_04_N00127_png.rf.5190d7f647afb3357eecb9c14e8c43d8.jpg,136,16,546,519,PEOPLE
20220817_ID0003_A_01_N00074_png.rf.4eb6c7de2fd7ddd32de44cdde365e7ce.jpg,115,93,531,543,PEOPLE
20221024_ID0315_A_04_N00099_png.rf.591465fa98e273350b0dfcb360dbb7d3.jpg,167,58,584,542,PEOPLE
20220824_ID0006_A_01_N00099_png.rf.4d3fe8441e46a47c2b537dc4c274ab80.jpg,50,0,452,530,PEOPLE
20221024_ID0315_A_04_N00099_png.rf.52e56271289fd392a2f6d2649fce4904.jpg,174,89,586,551,PEOPLE
20220824_ID0006_A_01_N00104_png.rf.5a68c35867d9d997fc42c095620a2700.jpg,39,0,449,545,PEOPLE
20220914_ID0079_A_01_N00102_png.rf.5a7555e4c6a8945401e2341ae143be14.jpg,0,123,398,567,PEOPLE
20221207_ID3170_A_01_N00234_png.rf.517f1c068abf320acbda87ad9c7396a6.jpg,56,104,491,594,PEOPLE
20220914_ID0078_A_03_N00001_png.rf.59fb5fbb3015e47507e0c9afcd7582b3.jpg,135,141,514,572,PEOPLE
20220817_ID0003_A_01_N00074_png.rf.52c7991859873cad23446f391f95ef66.jpg,97,112,475,547,PEOPLE
20220817_ID0005_A_01_N00142_png.rf.531c8d7c193d228dd815789b69474fa7.jpg,20,59,416,542,PEOPLE
20230107_ID4202_A_01_N00215_png.rf.5c09d2f708ae36f3a4b36ecfd60c902f.jpg,194,150,511,583,PEOPLE
20221210_ID3323_A_02_N00007_png.rf.5c00fc065c01c0492582ebc037165ca6.jpg,221,114,550,532,PEOPLE
20221024_ID0316_A_01_N00042_png.rf.597a3560bb8257687e045eac028025ea.jpg,218,57,579,596,PEOPLE
20220914_ID0078_A_03_N00008_png.rf.5c3bf69f196a77e29d5d84b883a62efb.jpg,87,143,493,541,PEOPLE
20220726_ID0001_A_03_N00228_png.rf.5c460bfddfd97903be702620bf647757.jpg,125,35,523,544,PEOPLE
20220824_ID0006_A_01_N00070_png.rf.5c4e09d2ffb8705d558afb88c18b4f0c.jpg,196,1,581,522,PEOPLE
20220824_ID0006_A_03_N00054_png.rf.4e1fff97a3ebd813d3a6e41c7edd69af.jpg,115,44,555,553,PEOPLE
20220914_ID0078_A_03_N00012_png.rf.6569299675bce31001539cfd5a278b3b.jpg,92,128,535,564,PEOPLE
20221207_ID3170_A_01_N00052_png.rf.60b30ffcacef773a434e8b05943af8d9.jpg,198,161,606,591,PEOPLE
20220817_ID0004_A_03_N00055_png.rf.4720e2635ad5837d5cda27027bb038c3.jpg,119,61,508,576,PEOPLE
20220914_ID0079_A_01_N00367_png.rf.6d339416f21ae1c222bcd03f7c75b15d.jpg,243,78,628,514,PEOPLE
20220914_ID0078_A_02_N00582_png.rf.63557751050f4af504e0988eaf1dda58.jpg,124,201,505,609,PEOPLE
20220726_ID0001_A_03_N00185_png.rf.6641b91be850f6fdabab22d30bc930a3.jpg,140,104,509,522,PEOPLE
20220824_ID0006_A_01_N00078_png.rf.64985f9476854b54859eabab77f988ca.jpg,146,4,563,520,PEOPLE
20220817_ID0005_A_01_N00144_png.rf.5fe1041519e9ea52eec88e1f4afe10a2.jpg,0,42,430,570,PEOPLE
20220726_ID0001_A_03_N00205_png.rf.5e31ea35ed65e5636a170925ecb1ba6d.jpg,111,37,562,576,PEOPLE
20220817_ID0005_A_01_N00142_png.rf.67769d14ddde2abdd81e6b24d98f4c02.jpg,27,10,479,540,PEOPLE
20220817_ID0003_A_01_N00090_png.rf.686e06aa293e15de5d45c56f1f35019c.jpg,52,72,463,544,PEOPLE
20220817_ID0005_A_01_N00137_png.rf.6014a07ca20c4d0e5835f5e86c71ee76.jpg,1,40,414,551,PEOPLE
20230103_ID4549_A_04_N00067_png.rf.6631cc710a70667ae6aa9a4b43b1412c.jpg,254,150,618,588,PEOPLE
20220817_ID0002_A_03_N00027_png.rf.6b1159f525175104d73ec3b96467953a.jpg,114,52,514,559,PEOPLE
20220914_ID0078_A_01_N00193_png.rf.701b24a27e26afe5e507cc9c26036d54.jpg,90,121,470,561,PEOPLE
20220817_ID0004_A_03_N00055_png.rf.704e80a59e63879c028858e550973b4c.jpg,68,67,502,602,PEOPLE
20220817_ID0003_A_01_N00067_png.rf.5d00566e06196ddbe3ef0827766a8ead.jpg,193,42,592,514,PEOPLE
20220914_ID0079_A_01_N00338_png.rf.717529b2128f6700cdcfd06d4748180d.jpg,8,105,387,547,PEOPLE
20220817_ID0004_A_03_N00055_png.rf.7429453e8162e33e75d1214b58191647.jpg,121,72,535,623,PEOPLE
20220914_ID0079_A_01_N00373_png.rf.742015d4d642fc7abd3ea52d97b434ea.jpg,238,109,591,514,PEOPLE
20220817_ID0002_A_03_N00040_png.rf.6dd5cd114cdcbe58855cdadc5536e29b.jpg,48,61,530,582,PEOPLE
20220914_ID0078_A_01_N00193_png.rf.7477419102002c51a05c5cd044c9829e.jpg,113,129,475,563,PEOPLE
20221125_ID2249_A_01_N00193_png.rf.71786aa1652f3b6e5aac95522edbedfb.jpg,159,135,499,550,PEOPLE
20220914_ID0079_A_02_N00149_png.rf.6fef79d774a718bc8ab63fbf0de215ce.jpg,154,124,488,511,PEOPLE
20220817_ID0003_A_04_N00146_png.rf.752312f167ac9319316e0f5876ee62e5.jpg,188,92,635,605,PEOPLE
20220726_ID0001_A_02_N00476_png.rf.753f56e02336f02d73f01825962d46b9.jpg,140,73,502,555,PEOPLE
20221024_ID0315_A_04_N00077_png.rf.76d449dc45cfb87b0cd2e1973fdde5b3.jpg,0,0,459,577,PEOPLE
20220914_ID0078_A_01_N00283_png.rf.7ae9b54426d9d0c8bbc10985212b600c.jpg,213,129,562,548,PEOPLE
20230104_ID3462_A_01_N00149_png.rf.754ebba76c18dfbe0cc181202d08f50f.jpg,236,81,638,572,PEOPLE
20221024_ID0316_A_01_N00042_png.rf.7927dbb68230b622f255127020afbf34.jpg,218,34,576,535,PEOPLE
20220914_ID0078_A_02_N00283_png.rf.6e01edacfaf6648d3134eb0825a1dc7e.jpg,153,108,496,563,PEOPLE
20220914_ID0079_A_01_N00112_png.rf.7cd035eac389ff0c40dddac849a50f7b.jpg,0,64,400,566,PEOPLE
20221210_ID3323_A_02_N00007_png.rf.7db5be796a4f26042014241896581d2b.jpg,168,118,539,542,PEOPLE
20220817_ID0003_A_01_N00090_png.rf.82400ded0de94ccd753c85170c0b1738.jpg,45,120,431,549,PEOPLE
20230104_ID3462_A_01_N00094_png.rf.7601cfda8bc77c17b6fe31d5a7dbeb74.jpg,41,11,450,544,PEOPLE
20220914_ID0078_A_02_N00172_png.rf.7d011d4b5bfefb067646a0a527f738b4.jpg,93,147,472,564,PEOPLE
20221207_ID3170_A_01_N00252_png.rf.845d9662674477147f693289ddaba6ae.jpg,0,138,488,633,PEOPLE
20221125_ID2249_A_01_N00193_png.rf.7d8aaede69f83bc8e7e9094266201c91.jpg,185,156,507,558,PEOPLE
20220817_ID0002_A_04_N00127_png.rf.8658d467e3ea34c15e785d1ebc3a4eb9.jpg,174,86,551,582,PEOPLE
20220914_ID0078_A_01_N00408_png.rf.845c68387a4141aab5e341e825177ce0.jpg,186,59,552,545,PEOPLE
20220914_ID0078_A_02_N00301_png.rf.8d99fa74211830d8c1e826ec9ebae9e8.jpg,89,175,551,640,PEOPLE
20220726_ID0001_A_02_N00351_png.rf.8733e438ee4bf2749d001c9c1b67fd0a.jpg,67,31,526,622,PEOPLE
20220914_ID0079_A_02_N00103_png.rf.8dcfd79a748b14e9643c48c83925ce3f.jpg,135,170,543,630,PEOPLE
20220817_ID0002_A_03_N00027_png.rf.86575cae485421a13a105438cffed679.jpg,115,40,524,556,PEOPLE
20221024_ID0315_A_04_N00099_png.rf.86f1cd9ba56b37173e0a4acf86d51ebc.jpg,167,91,584,558,PEOPLE
20220817_ID0003_A_04_N00125_png.rf.9119627b908a3c4c44d075de499a642f.jpg,190,79,561,541,PEOPLE
20220726_ID0001_A_03_N00228_png.rf.8c00127d8e9d987fce4b548468e158c8.jpg,103,42,522,571,PEOPLE
20220914_ID0079_A_02_N00149_png.rf.4a682b15646b5f50c4b810366e6344f2.jpg,164,113,529,508,PEOPLE
20220817_ID0003_A_01_N00100_png.rf.9085026dff4148bd7932dc58276df1c0.jpg,22,58,487,565,PEOPLE
20220817_ID0002_A_04_N00148_png.rf.8ae33f8b3a4535d89dd062887722582a.jpg,191,6,608,542,PEOPLE
20220817_ID0003_A_02_N00092_png.rf.93e4e5528864bb05e343d9cfd09fc956.jpg,136,66,506,533,PEOPLE
20220914_ID0078_A_01_N00301_png.rf.9400cd37e886e0a2e7a021be03f40bc7.jpg,55,97,423,541,PEOPLE
20220824_ID0006_A_03_N00051_png.rf.8cd0ee92441358db3acbdca09db838aa.jpg,100,28,579,551,PEOPLE
20220817_ID0002_A_04_N00148_png.rf.70729ed22559144bf4463e6fc4311f95.jpg,185,57,553,559,PEOPLE
20220914_ID0078_A_02_N00169_png.rf.90decd89dde7a1e10aef0dec1f1cdd8c.jpg,124,116,497,565,PEOPLE
20220914_ID0078_A_01_N00408_png.rf.79ce22ee1666cc2ea3c53959054ca3ed.jpg,188,65,562,547,PEOPLE
20220817_ID0005_A_04_N00047_png.rf.9177716c5a7cf729bab4e47bc3c1785b.jpg,247,83,640,543,PEOPLE
20230104_ID4071_A_01_N00092_png.rf.94f333caf1d5fe5730a37b84f75e60ea.jpg,41,109,475,578,PEOPLE
20220914_ID0078_A_03_N00012_png.rf.95635c5a0a5be96ebc5e2a8a022c7f8a.jpg,99,96,536,558,PEOPLE
20221024_ID0315_A_04_N00086_png.rf.9503764bcb17d6c5941cbe78d400d207.jpg,205,127,640,586,PEOPLE
20220817_ID0003_A_01_N00062_png.rf.964bbd51049e65864e1ce5fc0663d42b.jpg,239,109,640,553,PEOPLE
20220824_ID0006_A_01_N00107_png.rf.943882783902995388eb7608494141bd.jpg,14,25,401,577,PEOPLE
20220824_ID0006_A_01_N00104_png.rf.96fb121b8a8b307cd8ea0665ec3ccb12.jpg,39,10,421,547,PEOPLE
20220817_ID0005_A_04_N00042_png.rf.97a1370242576760aedaf15a279e4076.jpg,224,96,633,601,PEOPLE
20220817_ID0002_A_04_N00148_png.rf.95ab5d3b6dab07f50e33d9199ca1a8f0.jpg,136,44,548,555,PEOPLE
20220914_ID0078_A_01_N00293_png.rf.9866b1c77b6a5e742a9a524bc45fce94.jpg,94,169,483,603,PEOPLE
20220726_ID0001_A_02_N00351_png.rf.a271a942595025c88d09da6362b4dce7.jpg,126,24,528,591,PEOPLE
20230104_ID4071_A_01_N00111_png.rf.9c8c4b08a0ae01ece61c23b1ee4987f2.jpg,88,69,420,524,PEOPLE
20220914_ID0078_A_02_N00172_png.rf.9d52dba407dac07008137805080aa866.jpg,123,169,481,570,PEOPLE
20220817_ID0002_A_03_N00019_png.rf.a0354d84136a4a54d36abfab389fd10f.jpg,134,35,519,564,PEOPLE
20220914_ID0079_A_01_N00102_png.rf.922778d825c95c307e1ad1edcaec59e1.jpg,0,111,399,557,PEOPLE
20220824_ID0006_A_01_N00112_png.rf.a4612f737fc515b81a329b0d1f369087.jpg,0,26,426,540,PEOPLE
20220817_ID0003_A_01_N00103_png.rf.a3327cc35f5690c83409e57167f8dcb4.jpg,0,103,410,548,PEOPLE
20221122_ID2132_A_03_N00135_png.rf.a406d674a8a373b388a228f4134f4dff.jpg,163,77,470,547,PEOPLE
20221207_ID3170_A_01_N00052_png.rf.9c07772dd52a590fa98215907b196f94.jpg,186,155,563,571,PEOPLE
20220817_ID0003_A_04_N00100_png.rf.a84b27520fbef1d86c5ae7bc19eeab00.jpg,25,61,432,527,PEOPLE
20220914_ID0078_A_01_N00293_png.rf.98d94fd0c452f37673aefc7b5389ee87.jpg,85,161,450,561,PEOPLE
20220726_ID0001_A_04_N00265_png.rf.a5ca82a4e097ea3279e7ee3cc858c4f0.jpg,47,46,422,549,PEOPLE
20220824_ID0006_A_01_N00112_png.rf.99ae0a8901bd7c917d88acb9e05bb303.jpg,39,26,428,538,PEOPLE
20221024_ID0316_A_01_N00029_png.rf.9b9a59012da4bb2c1c8b834c44e5e896.jpg,178,120,636,594,PEOPLE
20220817_ID0003_A_02_N00092_png.rf.a11e2e5bb2a08ac4349e62e76850daae.jpg,149,93,508,541,PEOPLE
20220817_ID0003_A_01_N00056_png.rf.aa47c035bcc7d0509dba3bd11feea8ca.jpg,229,83,640,531,PEOPLE
20230103_ID4549_A_04_N00067_png.rf.9d608d4ddf313d8b3203e6508491e5d6.jpg,246,154,583,598,PEOPLE
20221210_ID3323_A_02_N00007_png.rf.acaee0ba2a1fb47a6d0a6baaeeaece25.jpg,206,88,547,522,PEOPLE
20220914_ID0078_A_02_N00283_png.rf.a8d8c93998a626b05fcccd7031ce0963.jpg,90,109,484,565,PEOPLE
20220914_ID0078_A_03_N00001_png.rf.aa9f632e099f2db8e90e4160bf73b0f1.jpg,126,141,477,572,PEOPLE
20230107_ID4202_A_01_N00212_png.rf.a9ba08fb0472f06be7d9bc9d3ad10fdf.jpg,224,129,566,542,PEOPLE
20220914_ID0078_A_01_N00376_png.rf.ae896d0317fc0a270db21a936c04ea59.jpg,45,115,447,570,PEOPLE
20220817_ID0003_A_01_N00067_png.rf.b04831a09893d13b554cd14cbea56870.jpg,186,104,555,535,PEOPLE
20230104_ID4071_A_01_N00111_png.rf.aef1f01dfc5a5a2508c4b9bc78c3be96.jpg,88,45,417,519,PEOPLE
20220817_ID0003_A_01_N00071_png.rf.b18a7dd4f7176903432174c779da141d.jpg,126,86,504,544,PEOPLE
20221024_ID0316_A_01_N00029_png.rf.b0de51f0078d609bbd00ceeaad0f61ec.jpg,175,87,636,584,PEOPLE
20221122_ID2132_A_03_N00135_png.rf.acbbffebbc92b70a23fdbc74c29f6d88.jpg,156,74,469,546,PEOPLE
20220817_ID0003_A_01_N00067_png.rf.b0b237fa812b008ab67e7e658f55f246.jpg,192,121,586,587,PEOPLE
20220817_ID0002_A_03_N00016_png.rf.b2c656cd348a4379b6253bec64bca93b.jpg,161,32,559,548,PEOPLE
20220914_ID0078_A_02_N00313_png.rf.b19e12b0d5c30daf4141768d8376c523.jpg,67,177,538,640,PEOPLE
20220817_ID0002_A_03_N00019_png.rf.b49feadb44ba4d64b03c66a056c5f18d.jpg,134,42,525,591,PEOPLE
20220914_ID0079_A_01_N00110_png.rf.b8fa2a8140b7feed1de53bc5611ddaa8.jpg,0,50,394,563,PEOPLE
20220914_ID0079_A_02_N00168_png.rf.b793046437cdafe2e7b7fef37304201b.jpg,133,67,523,514,PEOPLE
20220817_ID0005_A_01_N00071_png.rf.b458c595cf8da67b1e3c0174635dae2a.jpg,253,97,640,575,PEOPLE
20220914_ID0078_A_01_N00408_png.rf.b1d83b4a99bbdd7c492523a518103c45.jpg,183,80,527,552,PEOPLE
20220817_ID0003_A_01_N00056_png.rf.b766bea67c751cea715f645b485bb0c3.jpg,239,90,640,550,PEOPLE
20220914_ID0079_A_01_N00112_png.rf.bb9e5639da814b979d0bca617a8d0e32.jpg,0,69,407,566,PEOPLE
20220817_ID0005_A_04_N00047_png.rf.bb5d499b838eff8e92165e70c093fef0.jpg,251,49,640,530,PEOPLE
20220824_ID0006_A_01_N00070_png.rf.b7ac4fbf8267e44ddd315dcae2c1fcbd.jpg,196,8,587,542,PEOPLE
20220726_ID0001_A_02_N00444_png.rf.becf21137d9492a0d34568a0f0c45ef4.jpg,149,122,495,551,PEOPLE
20220817_ID0003_A_04_N00146_png.rf.b1cb22448b611476a9896b5b5dc6d268.jpg,229,70,640,545,PEOPLE
20220914_ID0078_A_01_N00376_png.rf.b6b3ff9c34b0a01ae61f6b81caba8339.jpg,41,116,424,582,PEOPLE
20220817_ID0005_A_01_N00068_png.rf.bb5f777b741610e6ccdb623ccbd0c08e.jpg,238,10,640,520,PEOPLE
20230107_ID4202_A_01_N00222_png.rf.b86ec40dd3714d3de78299fa79ccda49.jpg,44,41,396,534,PEOPLE
20221125_ID2249_A_01_N00193_png.rf.baa365768188ec6236562591e2140659.jpg,199,171,511,564,PEOPLE
20220914_ID0079_A_02_N00103_png.rf.b7221ca0976a0450f47b97c3982c182a.jpg,145,144,580,569,PEOPLE
20220824_ID0006_A_01_N00099_png.rf.bd63a3eb8aa9825fceaae509c6e5b9cd.jpg,50,0,439,527,PEOPLE
20220914_ID0078_A_03_N00008_png.rf.be001b7d7bcb719632517545c57988d5.jpg,134,143,529,541,PEOPLE